store_id,region,week,sales,labor_hrs
1,North,1,22720,398
2,North,1,18500,336
3,South,1,14380,299
4,North,1,12330,227
1,,2,19740,360
2,,2,17330,306
3,,2,16120,302
4,,2,11750,205
1,,3,23120,416
2,,3,17610,345
3,,3,13620,254
4,,3,12650,227
1,,4,23220,441
2,,4,17400,318
3,,4,14040,244
4,,4,13030,257
1,,5,22950,456
2,,5,18590,340
3,,5,16070,312
4,,5,11660,238
1,,6,22500,397
2,,6,17410,354
3,,6,14640,256
4,,6,13150,251
1,,7,19800,399
2,,7,15670,280
3,,7,14290,274
4,,7,11890,226
1,,8,20010,365
2,,8,16780,319
3,,8,15380,320
4,,8,11550,224
1,,9,22510,400
2,,9,16010,279
3,,9,,280
4,,9,12340,239
1,,10,20050,389
2,,10,18560,332
3,,10,16240,323
4,,10,13420,256
1,,11,23390,448
2,,11,18300,340
3,,11,16570,306
4,,11,11490,204
1,,12,19750,346
2,,12,18510,323
3,,12,15550,302
4,,12,11550,210
