hh_id,hh_size,children,monthly_income,snap,pounds
1001,2,0,900,N,43
1002,5,4,2400,Y,27
1003,5,3,800,Y,31
1004,2,0,1700,,20
1005,2,1,declined,N,46
1006,4,3,1100,Y,41
1007,5,3,1450,Y,60
1008,2,0,1500,?,45
1009,3,2,declined,N,44
1010,1,0,2600,Y,29
1011,2,1,9999,,39
1012,6,4,720,N,35
1013,2,1,2300,N,32
1014,5,4,1250,Y,27
1015,1,0,1400,Y,31
1016,2,0,declined,Y,61
1017,3,1,1650,Y,33
1018,2,0,1350,?,38
1019,2,0,0,N,23
1020,5,3,declined,N,22
1021,2,1,600,N,31
1022,6,4,1800,Y,59
1023,1,0,2000,Y,44
1024,1,0,1150,N,47
1025,1,0,declined,Y,33
1026,1,0,declined,Y,60
1027,1,0,1500,N,44
1028,3,1,2200,Y,48
1029,2,1,1200,Y,24
1030,3,2,2100,N,32
1031,6,4,9999,Y,30
1032,3,2,0,Y,40
1033,6,5,950,Y,41
1034,2,1,declined,N,39
1035,3,2,1900,Y,57
1036,1,0,1300,N,42
1037,1,0,0,Y,35
1038,1,0,1600,N,44
1039,5,4,3800,N,26
1040,1,0,450,,60
1041,9,6,9999,Y,18
1042,9,6,1000,Y,34
