policy_id,driver_age,vehicle_year,annual_miles,claim_filed,claim_amount
P0001,50,2010,,0,
P0002,29,2023,17600,0,
P0003,61,2011,15600,0,
P0004,58,2010,15600,1,2150
P0005,68,2010,13000,0,
P0006,33,2018,15900,0,
P0007,47,2011,9500,0,
P0008,34,2013,,1,2610
P0009,70,2009,,0,
P0010,71,2014,7000,0,
P0011,26,2012,,0,
P0012,68,2020,10600,0,
P0013,41,2021,17800,0,
P0014,53,2019,15200,0,
P0015,25,2021,8500,0,
P0016,73,2018,9200,0,
P0017,56,2010,,0,
P0018,52,2013,12400,1,4130
P0019,19,2020,13800,0,
P0020,71,2012,,1,3100
P0021,62,2015,13900,0,
P0022,63,2021,,0,
P0023,24,2018,4200,0,
P0024,57,2013,,1,5430
P0025,20,2019,12000,0,
P0026,42,2014,6500,1,3550
P0027,20,2013,7000,1,910
P0028,55,2009,9600,0,
P0029,46,2013,4900,0,
P0030,32,2012,12100,0,
P0031,50,2023,8600,0,
P0032,27,2013,,0,
P0033,39,2015,16700,0,
P0034,36,2020,,1,610
P0035,42,2012,4500,0,
P0036,63,2012,17700,1,9930
P0037,65,2018,13100,0,
P0038,26,2015,,0,
P0039,49,2024,5300,0,
P0040,72,2010,14400,0,
P0041,29,2018,,1,1760
P0042,53,2018,15200,0,
P0043,29,2013,13400,0,
P0044,50,2021,13800,0,
P0045,58,2011,10800,0,
P0046,33,2017,7700,0,
P0047,53,2023,7200,0,
P0048,33,2021,12400,0,
P0049,22,2009,8200,0,
P0050,65,2014,,0,
P0051,48,2020,7500,0,
P0052,22,2024,,0,
P0053,46,2011,11600,0,
P0054,36,2009,12200,1,1370
P0055,43,2009,17500,1,7340
P0056,28,2010,10100,0,
P0057,19,2013,15500,0,
P0058,27,2021,,0,
P0059,46,2016,14100,0,
P0060,20,2019,8300,0,
