week,weekday,date,sales,customers,catering,waste_lb
1,Tue,2026-07-07,657,70,,11.7
1,Wed,2026-07-08,689,80,,13
1,Thu,2026-07-09,694,77,,6.1
1,Fri,2026-07-10,824,89,,
1,Sat,2026-07-11,1573,206,122,6.8
1,Sun,2026-07-12,1140,136,,10.5
2,Tue,2026-07-14,614,71,149,5
2,Wed,2026-07-15,655,79,,6.6
2,Thu,2026-07-16,679,76,,4.9
2,Fri,2026-07-17,875,96,,11
2,Sun,2026-07-19,1104,127,70,13.3
3,Tue,2026-07-21,677,83,,10.3
3,Wed,2026-07-22,611,70,,14
3,Thu,2026-07-23,679,77,,9.6
3,Fri,2026-07-24,922,106,,11.7
3,Sat,2026-07-25,1295,160,,9.6
4,Tue,2026-07-28,548,66,,3.8
4,Wed,2026-07-29,614,71,203,2.7
4,Thu,2026-07-30,688,74,116,10.4
4,Fri,2026-07-31,908,102,,3.1
4,Sun,2026-08-02,1014,116,,7.1
5,Tue,2026-08-04,614,74,,12.7
5,Wed,2026-08-05,723,92,165,
5,Thu,2026-08-06,736,78,,9.6
5,Fri,2026-08-07,893,114,,3.7
5,Sun,2026-08-09,1019,111,339,3.1
6,Tue,2026-08-11,601,66,,3.4
6,Wed,2026-08-12,678,88,,8.3
6,Thu,2026-08-13,745,82,173,
6,Fri,2026-08-14,897,105,,
6,Sat,2026-08-15,1484,157,262,2.3
6,Sun,2026-08-16,1159,132,,7.8
